"","Sera 1","Sera 2","Distance"
"1","S_1","S_1",0
"2","S_3","S_1",2.43074945832196
"3","S_5","S_1",2.49530395609264
"4","S_7","S_1",3.59188122428773
"5","S_9","S_1",8.15506137182651e-11
"6","S_11","S_1",1.85432073534075e-10
"7","S_13","S_1",3.24123309723162
"8","S_15","S_1",2.43350661030756
"9","S_17","S_1",0.480964518445707
"10","S_19","S_1",1.58202789485824
"11","S_21","S_1",2.63500592486036
"12","S_23","S_1",2.46649925160678
"13","S_27","S_1",2.4355117563523
"14","S_29","S_1",0.48043318582906
"15","S_31","S_1",2.8292983849583
"16","S_33","S_1",2.04162407053269
"17","S_35","S_1",1.81479306085781
"18","S_37","S_1",1.66323957163681e-10
"19","S_39","S_1",1.19975408186798
"20","S_41","S_1",4.07399889143947e-10
"21","S_43","S_1",2.77887936055887
"22","S_45","S_1",2.91223788785261
"23","S_47","S_1",3.47302273086556
"24","S_49","S_1",2.85825995780723
"25","S_51","S_1",1.49276075006192
"26","S_53","S_1",0.599646669737603
"27","S_55","S_1",3.07176747756849
"28","S_57","S_1",2.45737182551115e-10
"29","S_59","S_1",1.13599923688509
"30","S_61","S_1",1.76920080405288e-10
"31","S_63","S_1",3.03957306607349
"32","S_65","S_1",2.69363841462364e-10
"33","S_67","S_1",3.33068630867271
"34","S_69","S_1",1.00569633211036
"35","S_71","S_1",1.2016402512254
"36","S_73","S_1",1.162439685826e-10
"37","S_75","S_1",3.12774166286652
"38","S_77","S_1",1.81582713948641
"39","S_79","S_1",2.64686925444001e-10
"40","S_81","S_1",2.64206928352156
"41","S_83","S_1",3.08657829030785
"42","S_85","S_1",3.32441784042925
"43","S_87","S_1",1.99020004564434
"44","S_89","S_1",1.93216814557767
"45","S_91","S_1",2.13836528993708
"46","S_1","S_3",2.43074945832196
"47","S_3","S_3",0
"48","S_5","S_3",0.934863298381655
"49","S_7","S_3",1.75806185009341
"50","S_9","S_3",2.4307494582612
"51","S_11","S_3",2.43074945813652
"52","S_13","S_3",1.85206065966715
"53","S_15","S_3",1.02909763664414
"54","S_17","S_3",1.99399703165027
"55","S_19","S_3",2.19293525417041
"56","S_21","S_3",0.632478140160859
"57","S_23","S_3",1.72186011440075
"58","S_27","S_3",1.40923009098144
"59","S_29","S_3",1.99444287818151
"60","S_31","S_3",1.4591217395149
"61","S_33","S_3",1.32192971668119
"62","S_35","S_3",1.33363003881314
"63","S_37","S_3",2.43074945816112
"64","S_39","S_3",1.45235288453248
"65","S_41","S_3",2.4307494579542
"66","S_43","S_3",0.480432907114929
"67","S_45","S_3",0.876917521548146
"68","S_47","S_3",1.89256314669739
"69","S_49","S_3",1.35771807964337
"70","S_51","S_3",1.04942055723815
"71","S_53","S_3",1.95733553363893
"72","S_55","S_3",2.23024528939744
"73","S_57","S_3",2.43074945811257
"74","S_59","S_3",1.34929071776868
"75","S_61","S_3",2.43074945815468
"76","S_63","S_3",1.76610611803024
"77","S_65","S_3",2.43074945810291
"78","S_67","S_3",1.88435654804205
"79","S_69","S_3",1.5612168504243
"80","S_71","S_3",2.23371027326977
"81","S_73","S_3",2.43074945828996
"82","S_75","S_3",1.66472660620591
"83","S_77","S_3",1.03488624712382
"84","S_79","S_3",2.43074945805843
"85","S_81","S_3",1.79773545663694
"86","S_83","S_3",1.95610789167282
"87","S_85","S_3",2.2397000308693
"88","S_87","S_3",0.792001438186741
"89","S_89","S_3",1.42472526760354
"90","S_91","S_3",2.3586097217274
"91","S_1","S_5",2.49530395609264
"92","S_3","S_5",0.934863298381655
"93","S_5","S_5",0
"94","S_7","S_5",1.11617019594988
"95","S_9","S_5",2.49530395605646
"96","S_11","S_5",2.49530395592058
"97","S_13","S_5",0.975267475885726
"98","S_15","S_5",0.127716855449999
"99","S_17","S_5",2.17578076025275
"100","S_19","S_5",1.64397492685215
"101","S_21","S_5",0.394277778278826
"102","S_23","S_5",0.833640623021757
"103","S_27","S_5",0.511945016972945
"104","S_29","S_5",2.17605705378365
"105","S_31","S_5",0.542060342150732
"106","S_33","S_5",0.630072800000384
"107","S_35","S_5",0.791168155721774
"108","S_37","S_5",2.49530395592758
"109","S_39","S_5",1.30189937188311
"110","S_41","S_5",2.49530395568607
"111","S_43","S_5",0.723644592148048
"112","S_45","S_5",0.50332316441945
"113","S_47","S_5",1.0975951603345
"114","S_49","S_5",0.471778190714882
"115","S_51","S_5",1.03498101982207
"116","S_53","S_5",2.20782588794632
"117","S_55","S_5",1.29548293813599
"118","S_57","S_5",2.49530395594609
"119","S_59","S_5",1.38312715297791
"120","S_61","S_5",2.49530395591593
"121","S_63","S_5",0.852467607663291
"122","S_65","S_5",2.49530395583101
"123","S_67","S_5",1.03003175927812
"124","S_69","S_5",1.49035227543698
"125","S_71","S_5",1.83829923091901
"126","S_73","S_5",2.49530395602138
"127","S_75","S_5",0.797989894361571
"128","S_77","S_5",0.680538776393028
"129","S_79","S_5",2.49530395583879
"130","S_81","S_5",0.878438564192982
"131","S_83","S_5",1.03028848268938
"132","S_85","S_5",1.31920646981226
"133","S_87","S_5",0.536087495745764
"134","S_89","S_5",0.777915132334544
"135","S_91","S_5",1.61754528732831
"136","S_1","S_7",3.59188122428773
"137","S_3","S_7",1.75806185009341
"138","S_5","S_7",1.11617019594988
"139","S_7","S_7",0
"140","S_9","S_7",3.59188122425673
"141","S_11","S_7",3.5918812241209
"142","S_13","S_7",0.625095350080449
"143","S_15","S_7",1.160582306924
"144","S_17","S_7",3.29008391585421
"145","S_19","S_7",2.49798330876694
"146","S_21","S_7",1.15986605553417
"147","S_23","S_7",1.37780983514054
"148","S_27","S_7",1.22525257556482
"149","S_29","S_7",3.29034908702064
"150","S_31","S_7",0.816191713383438
"151","S_33","S_7",1.58642104001435
"152","S_35","S_7",1.80342902919387
"153","S_37","S_7",3.59188122412449
"154","S_39","S_7",2.39214683840167
"155","S_41","S_7",3.59188122388034
"156","S_43","S_7",1.30143935516423
"157","S_45","S_7",0.882361411628004
"158","S_47","S_7",0.372756503604768
"159","S_49","S_7",0.746653572269581
"160","S_51","S_7",2.15086417937945
"161","S_53","S_7",3.32399577718024
"162","S_55","S_7",1.27600678763577
"163","S_57","S_7",3.59188122415525
"164","S_59","S_7",2.49615157594519
"165","S_61","S_7",3.59188122411206
"166","S_63","S_7",0.785493945267186
"167","S_65","S_7",3.59188122402228
"168","S_67","S_7",0.549347325929092
"169","S_69","S_7",2.58729223396534
"170","S_71","S_7",2.78647573683069
"171","S_73","S_7",3.59188122421026
"172","S_75","S_7",0.582076752190826
"173","S_77","S_7",1.78095587347384
"174","S_79","S_7",3.59188122403971
"175","S_81","S_7",1.25959145099039
"176","S_83","S_7",0.931717965300819
"177","S_85","S_7",1.02921205569289
"178","S_87","S_7",1.65115541539476
"179","S_89","S_7",1.7227243918424
"180","S_91","S_7",2.24469568055842
"181","S_1","S_9",8.15506137182651e-11
"182","S_3","S_9",2.4307494582612
"183","S_5","S_9",2.49530395605646
"184","S_7","S_9",3.59188122425673
"185","S_9","S_9",0
"186","S_11","S_9",1.35941912209004e-10
"187","S_13","S_9",3.24123309721238
"188","S_15","S_9",2.43350661027474
"189","S_17","S_9",0.480964518368869
"190","S_19","S_9",1.58202789487784
"191","S_21","S_9",2.63500592481407
"192","S_23","S_9",2.46649925159684
"193","S_27","S_9",2.43551175633189
"194","S_29","S_9",0.480433185752225
"195","S_31","S_9",2.8292983849343
"196","S_33","S_9",2.04162407051129
"197","S_35","S_9",1.81479306083609
"198","S_37","S_9",1.39218724570404e-10
"199","S_39","S_9",1.19975408183733
"200","S_41","S_9",3.83417373358448e-10
"201","S_43","S_9",2.77887936050552
"202","S_45","S_9",2.912237887809
"203","S_47","S_9",3.47302273084225
"204","S_49","S_9",2.85825995777952
"205","S_51","S_9",1.49276075001635
"206","S_53","S_9",0.599646669656959
"207","S_55","S_9",3.07176747756543
"208","S_57","S_9",1.66133231141837e-10
"209","S_59","S_9",1.13599923683827
"210","S_61","S_9",1.54579228294643e-10
"211","S_63","S_9",3.03957306605564
"212","S_65","S_9",2.63906107269304e-10
"213","S_67","S_9",3.33068630865252
"214","S_69","S_9",1.00569633207637
"215","S_71","S_9",1.20164025125057
"216","S_73","S_9",1.68621234898948e-10
"217","S_75","S_9",3.12774166284358
"218","S_77","S_9",1.81582713945155
"219","S_79","S_9",2.17680938878358e-10
"220","S_81","S_9",2.64206928351175
"221","S_83","S_9",3.08657829029531
"222","S_85","S_9",3.32441784042099
"223","S_87","S_9",1.9902000456024
"224","S_89","S_9",1.9321681455603
"225","S_91","S_9",2.13836528995627
"226","S_1","S_11",1.85432073534075e-10
"227","S_3","S_11",2.43074945813652
"228","S_5","S_11",2.49530395592058
"229","S_7","S_11",3.5918812241209
"230","S_9","S_11",1.35941912209004e-10
"231","S_11","S_11",0
"232","S_13","S_11",3.24123309707895
"233","S_15","S_11",2.43350661013882
"234","S_17","S_11",0.480964518274024
"235","S_19","S_11",1.58202789477157
"236","S_21","S_11",2.63500592468016
"237","S_23","S_11",2.46649925146731
"238","S_27","S_11",2.43551175619809
"239","S_29","S_11",0.480433185657369
"240","S_31","S_11",2.82929838479953
"241","S_33","S_11",2.04162407037719
"242","S_35","S_11",1.8147930607019
"243","S_37","S_11",4.91862790331247e-11
"244","S_39","S_11",1.19975408170153
"245","S_41","S_11",2.53071259053245e-10
"246","S_43","S_11",2.77887936037496
"247","S_45","S_11",2.91223788767427
"248","S_47","S_11",3.47302273070765
"249","S_49","S_11",2.85825995764405
"250","S_51","S_11",1.4927607498822
"251","S_53","S_11",0.599646669582476
"252","S_55","S_11",3.07176747743986
"253","S_57","S_11",1.30629632754079e-10
"254","S_59","S_11",1.13599923670455
"255","S_61","S_11",6.06193599760924e-11
"256","S_63","S_11",3.03957306592267
"257","S_65","S_11",1.60537807405817e-10
"258","S_67","S_11",3.33068630851878
"259","S_69","S_11",1.00569633194043
"260","S_71","S_11",1.20164025115058
"261","S_73","S_11",1.89940816261838e-10
"262","S_75","S_11",3.12774166270907
"263","S_77","S_11",1.81582713931562
"264","S_79","S_11",8.19955933351049e-11
"265","S_81","S_11",2.64206928338228
"266","S_83","S_11",3.08657829016452
"267","S_85","S_11",3.32441784029235
"268","S_87","S_11",1.99020004546727
"269","S_89","S_11",1.93216814542752
"270","S_91","S_11",2.13836528984954
"271","S_1","S_13",3.24123309723162
"272","S_3","S_13",1.85206065966715
"273","S_5","S_13",0.975267475885726
"274","S_7","S_13",0.625095350080449
"275","S_9","S_13",3.24123309721238
"276","S_11","S_13",3.24123309707895
"277","S_13","S_13",0
"278","S_15","S_13",0.94665089178943
"279","S_17","S_13",3.00479129282163
"280","S_19","S_13",1.97901183192777
"281","S_21","S_13",1.22249495929808
"282","S_23","S_13",0.841288398622131
"283","S_27","S_13",0.806787848861957
"284","S_29","S_13",3.00497061415401
"285","S_31","S_13",0.450850329244631
"286","S_33","S_13",1.20167128048653
"287","S_35","S_13",1.42847792059145
"288","S_37","S_13",3.24123309707508
"289","S_39","S_13",2.06195722016812
"290","S_41","S_13",3.24123309682927
"291","S_43","S_13",1.48561689252606
"292","S_45","S_13",1.05006667923053
"293","S_47","S_13",0.289573029075353
"294","S_49","S_13",0.505507923079241
"295","S_51","S_13",1.91296827718384
"296","S_53","S_13",3.06533188039354
"297","S_55","S_13",0.654843995941423
"298","S_57","S_13",3.24123309713196
"299","S_59","S_13",2.22244637261155
"300","S_61","S_13",3.24123309706114
"301","S_63","S_13",0.208948239873162
"302","S_65","S_13",3.24123309696231
"303","S_67","S_13",0.0977189415413041
"304","S_69","S_13",2.26207161825585
"305","S_71","S_13",2.30583552233414
"306","S_73","S_13",3.24123309714194
"307","S_75","S_13",0.187706951866827
"308","S_77","S_13",1.50821725167455
"309","S_79","S_13",3.24123309700043
"310","S_81","S_13",0.690802557487486
"311","S_83","S_13",0.30689942329244
"312","S_85","S_13",0.456351714914873
"313","S_87","S_13",1.46592095855584
"314","S_89","S_13",1.31040310651316
"315","S_91","S_13",1.65981731111117
"316","S_1","S_15",2.43350661030756
"317","S_3","S_15",1.02909763664414
"318","S_5","S_15",0.127716855449999
"319","S_7","S_15",1.160582306924
"320","S_9","S_15",2.43350661027474
"321","S_11","S_15",2.43350661013882
"322","S_13","S_15",0.94665089178943
"323","S_15","S_15",0
"324","S_17","S_15",2.13253841419924
"325","S_19","S_15",1.5257163544423
"326","S_21","S_15",0.519260297654728
"327","S_23","S_15",0.71376697393694
"328","S_27","S_15",0.392147233124956
"329","S_29","S_15",2.13278878463454
"330","S_31","S_15",0.498384624626461
"331","S_33","S_15",0.512991490991738
"332","S_35","S_15",0.689156122393323
"333","S_37","S_15",2.4335066101436
"334","S_39","S_15",1.23473880457609
"335","S_41","S_15",2.43350660990023
"336","S_43","S_15",0.847840916604919
"337","S_45","S_15",0.623176787228553
"338","S_47","S_15",1.10043210045106
"339","S_49","S_15",0.460591890589129
"340","S_51","S_15",1.00032645811494
"341","S_53","S_15",2.17314795063654
"342","S_55","S_15",1.20675484220923
"343","S_57","S_15",2.43350661017011
"344","S_59","S_15",1.3382124631515
"345","S_61","S_15",2.43350661013143
"346","S_63","S_15",0.802020162825536
"347","S_65","S_15",2.43350661004329
"348","S_67","S_15",1.01121083709729
"349","S_69","S_15",1.42801947166891
"350","S_71","S_15",1.73207280584539
"351","S_73","S_15",2.43350661023221
"352","S_75","S_15",0.780092761371263
"353","S_77","S_15",0.620379963412172
"354","S_79","S_15",2.43350661005738
"355","S_81","S_15",0.770481405156913
"356","S_83","S_15",0.964782436551004
"357","S_85","S_15",1.25654436728621
"358","S_87","S_15",0.522767283805982
"359","S_89","S_15",0.661948428888946
"360","S_91","S_15",1.4898900928511
"361","S_1","S_17",0.480964518445707
"362","S_3","S_17",1.99399703165027
"363","S_5","S_17",2.17578076025275
"364","S_7","S_17",3.29008391585421
"365","S_9","S_17",0.480964518368869
"366","S_11","S_17",0.480964518274024
"367","S_13","S_17",3.00479129282163
"368","S_15","S_17",2.13253841419924
"369","S_17","S_17",0
"370","S_19","S_17",1.60747499185352
"371","S_21","S_17",2.26276159288318
"372","S_23","S_17",2.29208686909437
"373","S_27","S_17",2.2024369694527
"374","S_29","S_17",0.000534180012633358
"375","S_31","S_17",2.57103612987721
"376","S_33","S_17",1.81082062237098
"377","S_35","S_17",1.58837777684466
"378","S_37","S_17",0.480964518312928
"379","S_39","S_17",0.950658289513698
"380","S_41","S_17",0.480964518171798
"381","S_43","S_17",2.37246550658548
"382","S_45","S_17",2.55107199280962
"383","S_47","S_17",3.21260434165609
"384","S_49","S_17",2.57963835509105
"385","S_51","S_17",1.14225810842694
"386","S_53","S_17",0.157218082250797
"387","S_55","S_17",2.92810582101013
"388","S_57","S_17",0.480964518203197
"389","S_59","S_17",0.794335675762481
"390","S_61","S_17",0.480964518312745
"391","S_63","S_17",2.81270887458189
"392","S_65","S_17",0.480964518302402
"393","S_67","S_17",3.08829206770159
"394","S_69","S_17",0.753858864719281
"395","S_71","S_17",1.28184616262174
"396","S_73","S_17",0.480964518458441
"397","S_75","S_17",2.87217997579376
"398","S_77","S_17",1.51526069458247
"399","S_79","S_17",0.480964518211229
"400","S_81","S_17",2.46545105405565
"401","S_83","S_17",2.88883093630578
"402","S_85","S_17",3.148379477799
"403","S_87","S_17",1.64757503847795
"404","S_89","S_17",1.72725346257333
"405","S_91","S_17",2.14244089072004
"406","S_1","S_19",1.58202789485824
"407","S_3","S_19",2.19293525417041
"408","S_5","S_19",1.64397492685215
"409","S_7","S_19",2.49798330876694
"410","S_9","S_19",1.58202789487784
"411","S_11","S_19",1.58202789477157
"412","S_13","S_19",1.97901183192777
"413","S_15","S_19",1.5257163544423
"414","S_17","S_19",1.60747499185352
"415","S_19","S_19",0
"416","S_21","S_19",1.97994256677637
"417","S_23","S_19",1.1384942123941
"418","S_27","S_19",1.28689152779468
"419","S_29","S_19",1.60731377886674
"420","S_31","S_19",1.68414721696865
"421","S_33","S_19",1.01390997770719
"422","S_35","S_19",0.889776434186238
"423","S_37","S_19",1.58202789474546
"424","S_39","S_19",0.933084245814755
"425","S_41","S_19",1.5820278945311
"426","S_43","S_19",2.26990214522804
"427","S_45","S_19",2.14720560986664
"428","S_47","S_19",2.25799564518451
"429","S_49","S_19",1.77618203590807
"430","S_51","S_19",1.25033050558513
"431","S_53","S_19",1.74340391872268
"432","S_55","S_19",1.61192302190628
"433","S_57","S_19",1.5820278948738
"434","S_59","S_19",1.1969678245945
"435","S_61","S_19",1.58202789472897
"436","S_63","S_19",1.77181368908842
"437","S_65","S_19",1.58202789461713
"438","S_67","S_19",2.0766507648832
"439","S_69","S_19",1.01252935288165
"440","S_71","S_19",0.392787270830895
"441","S_73","S_19",1.58202789474451
"442","S_75","S_19",1.93303438286262
"443","S_77","S_19",1.1614045156591
"444","S_79","S_19",1.5820278947129
"445","S_81","S_19",1.29215669888022
"446","S_83","S_19",1.7388948629864
"447","S_85","S_19",1.91122634111582
"448","S_87","S_19",1.41426966080348
"449","S_89","S_19",0.866492051240107
"450","S_91","S_19",0.556423810179471
"451","S_1","S_21",2.63500592486036
"452","S_3","S_21",0.632478140160859
"453","S_5","S_21",0.394277778278826
"454","S_7","S_21",1.15986605553417
"455","S_9","S_21",2.63500592481407
"456","S_11","S_21",2.63500592468016
"457","S_13","S_21",1.22249495929808
"458","S_15","S_21",0.519260297654728
"459","S_17","S_21",2.26276159288318
"460","S_19","S_21",1.97994256677637
"461","S_21","S_21",0
"462","S_23","S_21",1.22691783198853
"463","S_27","S_21",0.905684694000675
"464","S_29","S_21",2.26311266855694
"465","S_31","S_21",0.851387754202324
"466","S_33","S_21",0.980106666234369
"467","S_35","S_21",1.09578386094306
"468","S_37","S_21",2.63500592469407
"469","S_39","S_21",1.48653953302233
"470","S_41","S_21",2.63500592446171
"471","S_43","S_21",0.329488433350544
"472","S_45","S_21",0.297807080030109
"473","S_47","S_21",1.26277812854832
"474","S_49","S_21",0.737490998172122
"475","S_51","S_21",1.1424388784931
"476","S_53","S_21",2.26766482806819
"477","S_55","S_21",1.6480310825395
"478","S_57","S_21",2.63500592468703
"479","S_59","S_21",1.4990713698316
"480","S_61","S_21",2.63500592468423
"481","S_63","S_21",1.15001554286448
"482","S_65","S_21",2.63500592461062
"483","S_67","S_21",1.2522667940684
"484","S_69","S_21",1.65358908685356
"485","S_71","S_21",2.1300424061335
"486","S_73","S_21",2.63500592480301
"487","S_75","S_21",1.03483004429617
"488","S_77","S_21",0.892180792233421
"489","S_79","S_21",2.63500592459838
"490","S_81","S_21",1.26167377103539
"491","S_83","S_21",1.34797255592576
"492","S_85","S_21",1.62405201046114
"493","S_87","S_21",0.660889457107556
"494","S_89","S_21",1.12004825244553
"495","S_91","S_21",2.00046038210205
"496","S_1","S_23",2.46649925160678
"497","S_3","S_23",1.72186011440075
"498","S_5","S_23",0.833640623021757
"499","S_7","S_23",1.37780983514054
"500","S_9","S_23",2.46649925159684
"501","S_11","S_23",2.46649925146731
"502","S_13","S_23",0.841288398622131
"503","S_15","S_23",0.71376697393694
"504","S_17","S_23",2.29208686909437
"505","S_19","S_23",1.1384942123941
"506","S_21","S_23",1.22691783198853
"507","S_23","S_23",0
"508","S_27","S_23",0.321886309887774
"509","S_29","S_23",2.29217820906697
"510","S_31","S_23",0.590450037211433
"511","S_33","S_23",0.532830488747456
"512","S_35","S_23",0.722451689581434
"513","S_37","S_23",2.4664992514578
"514","S_39","S_23",1.3447820655043
"515","S_41","S_23",2.46649925121453
"516","S_43","S_23",1.5563439673078
"517","S_45","S_23",1.25686729985188
"518","S_47","S_23",1.11968720877212
"519","S_49","S_23",0.7122784264119
"520","S_51","S_23",1.32252491676181
"521","S_53","S_23",2.37698077706305
"522","S_55","S_23",0.6486384610111
"523","S_57","S_23",2.4664992515338
"524","S_59","S_23",1.55820592012044
"525","S_61","S_23",2.46649925144292
"526","S_63","S_23",0.633465461576043
"527","S_65","S_23",2.46649925133869
"528","S_67","S_23",0.938768229699851
"529","S_69","S_23",1.53848584100963
"530","S_71","S_23",1.46774793168805
"531","S_73","S_23",2.46649925150913
"532","S_75","S_23",0.801121751365753
"533","S_77","S_23",0.936426059785249
"534","S_79","S_23",2.46649925139207
"535","S_81","S_23",0.175611989907581
"536","S_83","S_23",0.626419301531717
"537","S_85","S_23",0.859972916520478
"538","S_87","S_23",1.0355280355771
"539","S_89","S_23",0.571108615021135
"540","S_91","S_23",0.884495636303174
"541","S_1","S_27",2.4355117563523
"542","S_3","S_27",1.40923009098144
"543","S_5","S_27",0.511945016972945
"544","S_7","S_27",1.22525257556482
"545","S_9","S_27",2.43551175633189
"546","S_11","S_27",2.43551175619809
"547","S_13","S_27",0.806787848861957
"548","S_15","S_27",0.392147233124956
"549","S_17","S_27",2.2024369694527
"550","S_19","S_27",1.28689152779468
"551","S_21","S_27",0.905684694000675
"552","S_23","S_27",0.321886309887774
"553","S_27","S_27",0
"554","S_29","S_27",2.20259969145858
"555","S_31","S_27",0.411695663597651
"556","S_33","S_27",0.394887953296243
"557","S_35","S_27",0.62170976632931
"558","S_37","S_27",2.43551175619495
"559","S_39","S_27",1.25627373493261
"560","S_41","S_27",2.43551175594905
"561","S_43","S_27",1.23517239691689
"562","S_45","S_27",0.95335455862595
"563","S_47","S_27",1.04306942941967
"564","S_49","S_27",0.489680194260843
"565","S_51","S_27",1.14228837280579
"566","S_53","S_27",2.26886300865306
"567","S_55","S_27",0.866665383917759
"568","S_57","S_27",2.43551175624934
"569","S_59","S_27",1.42851966147616
"570","S_61","S_27",2.43551175618114
"571","S_63","S_27",0.610376710090298
"572","S_65","S_27",2.43551175608309
"573","S_67","S_27",0.895209787934074
"574","S_69","S_27",1.45629708665304
"575","S_71","S_27",1.56128967691992
"576","S_73","S_27",2.43551175626372
"577","S_75","S_27",0.697911620943731
"578","S_77","S_27",0.735604231554299
"579","S_79","S_27",2.43551175611923
"580","S_81","S_27",0.393906292124007
"581","S_83","S_27",0.704912870845949
"582","S_85","S_27",0.98781748013619
"583","S_87","S_27",0.771661366739388
"584","S_89","S_27",0.510195787071975
"585","S_91","S_27",1.14712067782045
"586","S_1","S_29",0.48043318582906
"587","S_3","S_29",1.99444287818151
"588","S_5","S_29",2.17605705378365
"589","S_7","S_29",3.29034908702064
"590","S_9","S_29",0.480433185752225
"591","S_11","S_29",0.480433185657369
"592","S_13","S_29",3.00497061415401
"593","S_15","S_29",2.13278878463454
"594","S_17","S_29",0.000534180012633358
"595","S_19","S_29",1.60731377886674
"596","S_21","S_29",2.26311266855694
"597","S_23","S_29",2.29217820906697
"598","S_27","S_29",2.20259969145858
"599","S_29","S_29",0
"600","S_31","S_29",2.57123753900174
"601","S_33","S_29",1.81097038273123
"602","S_35","S_29",1.58851386210865
"603","S_37","S_29",0.48043318569627
"604","S_39","S_29",0.950783345743522
"605","S_41","S_29",0.480433185555116
"606","S_43","S_29",2.37286728637055
"607","S_45","S_29",2.55141039539009
"608","S_47","S_29",3.2128159237199
"609","S_49","S_29",2.57986618085857
"610","S_51","S_29",1.14255020022575
"611","S_53","S_29",0.157622343245401
"612","S_55","S_29",2.92817117836995
"613","S_57","S_29",0.480433185586555
"614","S_59","S_29",0.79458798136429
"615","S_61","S_29",0.480433185696084
"616","S_63","S_29",2.81287389423582
"617","S_65","S_29",0.480433185685729
"618","S_67","S_29",3.08847974708618
"619","S_69","S_29",0.753961582299551
"620","S_71","S_29",1.28160915011425
"621","S_73","S_29",0.480433185841781
"622","S_75","S_29",2.87238186333181
"623","S_77","S_29",1.51549467605118
"624","S_79","S_29",0.480433185594568
"625","S_81","S_29",2.46554858416235
"626","S_83","S_29",2.88896095406662
"627","S_85","S_29",3.14848633060637
"628","S_87","S_29",1.64787313079757
"629","S_89","S_29",1.7273670669996
"630","S_91","S_29",2.14232216691117
"631","S_1","S_31",2.8292983849583
"632","S_3","S_31",1.4591217395149
"633","S_5","S_31",0.542060342150732
"634","S_7","S_31",0.816191713383438
"635","S_9","S_31",2.8292983849343
"636","S_11","S_31",2.82929838479953
"637","S_13","S_31",0.450850329244631
"638","S_15","S_31",0.498384624626461
"639","S_17","S_31",2.57103612987721
"640","S_19","S_31",1.68414721696865
"641","S_21","S_31",0.851387754202324
"642","S_23","S_31",0.590450037211433
"643","S_27","S_31",0.411695663597651
"644","S_29","S_31",2.57123753900174
"645","S_31","S_31",0
"646","S_33","S_31",0.791695894641138
"647","S_35","S_31",1.01664099124473
"648","S_37","S_31",2.82929838479864
"649","S_39","S_31",1.63733457921126
"650","S_41","S_31",2.82929838455281
"651","S_43","S_31",1.15466629258771
"652","S_45","S_31",0.764377117130012
"653","S_47","S_31",0.644312423787936
"654","S_49","S_31",0.139357749618583
"655","S_51","S_31",1.46600054304558
"656","S_53","S_31",2.62576184724728
"657","S_55","S_31",0.805547147904647
"658","S_57","S_31",2.82929838484524
"659","S_59","S_31",1.7830345482682
"660","S_61","S_31",2.82929838478527
"661","S_63","S_31",0.310546806523373
"662","S_65","S_31",2.82929838468978
"663","S_67","S_31",0.523062791201361
"664","S_69","S_31",1.83694636724216
"665","S_71","S_31",1.97114841283213
"666","S_73","S_31",2.82929838487325
"667","S_75","S_31",0.301155555669145
"668","S_77","S_31",1.06395633803845
"669","S_79","S_31",2.82929838471974
"670","S_81","S_31",0.521032971278899
"671","S_83","S_31",0.49784131195195
"672","S_85","S_31",0.781131720340579
"673","S_87","S_31",1.01529667944171
"674","S_89","S_31",0.918452653707502
"675","S_91","S_31",1.47489489356884
"676","S_1","S_33",2.04162407053269
"677","S_3","S_33",1.32192971668119
"678","S_5","S_33",0.630072800000384
"679","S_7","S_33",1.58642104001435
"680","S_9","S_33",2.04162407051129
"681","S_11","S_33",2.04162407037719
"682","S_13","S_33",1.20167128048653
"683","S_15","S_33",0.512991490991738
"684","S_17","S_33",1.81082062237098
"685","S_19","S_33",1.01390997770719
"686","S_21","S_33",0.980106666234369
"687","S_23","S_33",0.532830488747456
"688","S_27","S_33",0.394887953296243
"689","S_29","S_33",1.81097038273123
"690","S_31","S_33",0.791695894641138
"691","S_33","S_33",0
"692","S_35","S_33",0.226967885852991
"693","S_37","S_33",2.04162407037467
"694","S_39","S_33",0.862463803749379
"695","S_41","S_33",2.04162407012874
"696","S_43","S_33",1.28878333095002
"697","S_45","S_33",1.13330262908873
"698","S_47","S_33",1.43287019036881
"699","S_49","S_33",0.83979488657277
"700","S_51","S_33",0.790484789439181
"701","S_53","S_33",1.88172528374112
"702","S_55","S_33",1.17738906615397
"703","S_57","S_33",2.04162407042693
"704","S_59","S_33",1.04642929253997
"705","S_61","S_33",2.04162407036098
"706","S_63","S_33",1.00416486157832
"707","S_65","S_33",2.04162407026361
"708","S_67","S_33",1.28968641293115
"709","S_69","S_33",1.06227767324691
"710","S_71","S_33",1.22729817951665
"711","S_73","S_33",2.04162407044506
"712","S_75","S_33",1.08724684740213
"713","S_77","S_33",0.407104367488459
"714","S_79","S_33",2.04162407029806
"715","S_81","S_33",0.688196094855385
"716","S_83","S_33",1.08155316538432
"717","S_85","S_33",1.35205341070597
"718","S_87","S_33",0.55424794273739
"719","S_89","S_33",0.149147265233275
"720","S_91","S_33",1.04442610612857
"721","S_1","S_35",1.81479306085781
"722","S_3","S_35",1.33363003881314
"723","S_5","S_35",0.791168155721774
"724","S_7","S_35",1.80342902919387
"725","S_9","S_35",1.81479306083609
"726","S_11","S_35",1.8147930607019
"727","S_13","S_35",1.42847792059145
"728","S_15","S_35",0.689156122393323
"729","S_17","S_35",1.58837777684466
"730","S_19","S_35",0.889776434186238
"731","S_21","S_35",1.09578386094306
"732","S_23","S_35",0.722451689581434
"733","S_27","S_35",0.62170976632931
"734","S_29","S_35",1.58851386210865
"735","S_31","S_35",1.01664099124473
"736","S_33","S_35",0.226967885852991
"737","S_35","S_35",0
"738","S_37","S_35",1.81479306069958
"739","S_39","S_35",0.638261599630465
"740","S_41","S_35",1.81479306045365
"741","S_43","S_35",1.38019434128217
"742","S_45","S_35",1.28827655211372
"743","S_47","S_35",1.65901162403695
"744","S_49","S_35",1.05809636278705
"745","S_51","S_35",0.619900049306851
"746","S_53","S_35",1.66362146809174
"747","S_55","S_35",1.37088893013544
"748","S_57","S_35",1.81479306075114
"749","S_59","S_35",0.836294745261513
"750","S_61","S_35",1.81479306068593
"751","S_63","S_35",1.23014755005532
"752","S_65","S_35",1.81479306058879
"753","S_67","S_35",1.51664957261493
"754","S_69","S_35",0.837477411393055
"755","S_71","S_35",1.04761290577706
"756","S_73","S_35",1.8147930607705
"757","S_75","S_35",1.31346852403823
"758","S_77","S_35",0.311972590534119
"759","S_79","S_35",1.81479306062269
"760","S_81","S_35",0.889185831280098
"761","S_83","S_35",1.30069279676983
"762","S_85","S_35",1.56504120629371
"763","S_87","S_35",0.541770369174289
"764","S_89","S_35",0.156281013318915
"765","S_91","S_35",1.03989781054596
"766","S_1","S_37",1.66323957163681e-10
"767","S_3","S_37",2.43074945816112
"768","S_5","S_37",2.49530395592758
"769","S_7","S_37",3.59188122412449
"770","S_9","S_37",1.39218724570404e-10
"771","S_11","S_37",4.91862790331247e-11
"772","S_13","S_37",3.24123309707508
"773","S_15","S_37",2.4335066101436
"774","S_17","S_37",0.480964518312928
"775","S_19","S_37",1.58202789474546
"776","S_21","S_37",2.63500592469407
"777","S_23","S_37",2.4664992514578
"778","S_27","S_37",2.43551175619495
"779","S_29","S_37",0.48043318569627
"780","S_31","S_37",2.82929838479864
"781","S_33","S_37",2.04162407037467
"782","S_35","S_37",1.81479306069958
"783","S_37","S_37",0
"784","S_39","S_37",1.1997540817049
"785","S_41","S_37",2.45934224492772e-10
"786","S_43","S_37",2.77887936039395
"787","S_45","S_37",2.91223788768632
"788","S_47","S_37",3.47302273070633
"789","S_49","S_37",2.85825995764552
"790","S_51","S_37",1.4927607498956
"791","S_53","S_37",0.599646669626414
"792","S_55","S_37",3.0717674774263
"793","S_57","S_37",1.77766912612931e-10
"794","S_59","S_37",1.13599923671884
"795","S_61","S_37",1.65464116188638e-11
"796","S_63","S_37",3.03957306591796
"797","S_65","S_37",1.28346075571992e-10
"798","S_67","S_37",3.33068630851551
"799","S_69","S_37",1.00569633194598
"800","S_71","S_37",1.20164025112158
"801","S_73","S_37",1.46323289337261e-10
"802","S_75","S_37",3.12774166270751
"803","S_77","S_37",1.81582713932174
"804","S_79","S_37",1.04186541128804e-10
"805","S_81","S_37",2.6420692833727
"806","S_83","S_37",3.08657829015656
"807","S_85","S_37",3.32441784028183
"808","S_87","S_37",1.99020004547817
"809","S_89","S_37",1.9321681454225
"810","S_91","S_37",2.13836528982365
"811","S_1","S_39",1.19975408186798
"812","S_3","S_39",1.45235288453248
"813","S_5","S_39",1.30189937188311
"814","S_7","S_39",2.39214683840167
"815","S_9","S_39",1.19975408183733
"816","S_11","S_39",1.19975408170153
"817","S_13","S_39",2.06195722016812
"818","S_15","S_39",1.23473880457609
"819","S_17","S_39",0.950658289513698
"820","S_19","S_39",0.933084245814755
"821","S_21","S_39",1.48653953302233
"822","S_23","S_39",1.3447820655043
"823","S_27","S_39",1.25627373493261
"824","S_29","S_39",0.950783345743522
"825","S_31","S_39",1.63733457921126
"826","S_33","S_39",0.862463803749379
"827","S_35","S_39",0.638261599630465
"828","S_37","S_39",1.1997540817049
"829","S_39","S_39",0
"830","S_41","S_39",1.19975408146061
"831","S_43","S_39",1.68777064749918
"832","S_45","S_39",1.74473651326858
"833","S_47","S_39",2.28158717526093
"834","S_49","S_39",1.66005133768239
"835","S_51","S_39",0.403385511356613
"836","S_53","S_39",1.0323948127368
"837","S_55","S_39",1.98647805828002
"838","S_57","S_39",1.19975408173647
"839","S_59","S_39",0.271114474896946
"840","S_61","S_39",1.19975408169241
"841","S_63","S_39",1.86640489581567
"842","S_65","S_39",1.19975408160232
"843","S_67","S_39",2.14796715767432
"844","S_69","S_39",0.200118945399998
"845","S_71","S_39",0.822459184297842
"846","S_73","S_39",1.19975408179011
"847","S_75","S_39",1.93771996045459
"848","S_77","S_39",0.621667526400792
"849","S_79","S_39",1.1997540816204
"850","S_81","S_39",1.516925235168
"851","S_83","S_39",1.93823997009906
"852","S_85","S_39",2.19854189268597
"853","S_87","S_39",0.82580365574555
"854","S_89","S_39",0.777100751929963
"855","S_91","S_39",1.35803946406588
"856","S_1","S_41",4.07399889143947e-10
"857","S_3","S_41",2.4307494579542
"858","S_5","S_41",2.49530395568607
"859","S_7","S_41",3.59188122388034
"860","S_9","S_41",3.83417373358448e-10
"861","S_11","S_41",2.53071259053245e-10
"862","S_13","S_41",3.24123309682927
"863","S_15","S_41",2.43350660990023
"864","S_17","S_41",0.480964518171798
"865","S_19","S_41",1.5820278945311
"866","S_21","S_41",2.63500592446171
"867","S_23","S_41",2.46649925121453
"868","S_27","S_41",2.43551175594905
"869","S_29","S_41",0.480433185555116
"870","S_31","S_41",2.82929838455281
"871","S_33","S_41",2.04162407012874
"872","S_35","S_41",1.81479306045365
"873","S_37","S_41",2.45934224492772e-10
"874","S_39","S_41",1.19975408146061
"875","S_41","S_41",0
"876","S_43","S_41",2.77887936017181
"877","S_45","S_41",2.91223788745098
"878","S_47","S_41",3.47302273046044
"879","S_49","S_41",2.85825995740032
"880","S_51","S_41",1.49276074966241
"881","S_53","S_41",0.599646669526378
"882","S_55","S_41",3.07176747718697
"883","S_57","S_41",3.42708610368016e-10
"884","S_59","S_41",1.13599923648714
"885","S_61","S_41",2.32466929342025e-10
"886","S_63","S_41",3.03957306567231
"887","S_65","S_41",1.49864101574203e-10
"888","S_67","S_41",3.33068630826962
"889","S_69","S_41",1.00569633170319
"890","S_71","S_41",1.20164025091632
"891","S_73","S_41",3.41719473938776e-10
"892","S_75","S_41",3.12774166246161
"893","S_77","S_41",1.81582713907944
"894","S_79","S_41",1.83076107083922e-10
"895","S_81","S_41",2.64206928312948
"896","S_83","S_41",3.08657828991226
"897","S_85","S_41",3.32441784003937
"898","S_87","S_41",1.99020004524118
"899","S_89","S_41",1.93216814517694
"900","S_91","S_41",2.13836528960866
"901","S_1","S_43",2.77887936055887
"902","S_3","S_43",0.480432907114929
"903","S_5","S_43",0.723644592148048
"904","S_7","S_43",1.30143935516423
"905","S_9","S_43",2.77887936050552
"906","S_11","S_43",2.77887936037496
"907","S_13","S_43",1.48561689252606
"908","S_15","S_43",0.847840916604919
"909","S_17","S_43",2.37246550658548
"910","S_19","S_43",2.26990214522804
"911","S_21","S_43",0.329488433350544
"912","S_23","S_43",1.5563439673078
"913","S_27","S_43",1.23517239691689
"914","S_29","S_43",2.37286728637055
"915","S_31","S_43",1.15466629258771
"916","S_33","S_43",1.28878333095002
"917","S_35","S_43",1.38019434128217
"918","S_37","S_43",2.77887936039395
"919","S_39","S_43",1.68777064749918
"920","S_41","S_43",2.77887936017181
"921","S_43","S_43",0
"922","S_45","S_43",0.443614897316648
"923","S_47","S_43",1.47791145691175
"924","S_49","S_43",1.02997847966984
"925","S_51","S_43",1.30918505673658
"926","S_53","S_43",2.35603527954158
"927","S_55","S_43",1.95878738200321
"928","S_57","S_43",2.77887936036753
"929","S_59","S_43",1.65274909793496
"930","S_61","S_43",2.77887936038562
"931","S_63","S_43",1.44018347852232
"932","S_65","S_43",2.77887936032167
"933","S_67","S_43",1.50088226801967
"934","S_69","S_43",1.8349100536146
"935","S_71","S_43",2.38957980723878
"936","S_73","S_43",2.77887936051292
"937","S_75","S_43",1.2996614724634
"938","S_77","S_43",1.13875497509848
"939","S_79","S_43",2.77887936029433
"940","S_81","S_43",1.58780631691567
"941","S_83","S_43",1.64414562384989
"942","S_85","S_43",1.90988332562482
"943","S_87","S_43",0.887080472832152
"944","S_89","S_43",1.4226688593421
"945","S_91","S_43",2.3209444627745
"946","S_1","S_45",2.91223788785261
"947","S_3","S_45",0.876917521548146
"948","S_5","S_45",0.50332316441945
"949","S_7","S_45",0.882361411628004
"950","S_9","S_45",2.912237887809
"951","S_11","S_45",2.91223788767427
"952","S_13","S_45",1.05006667923053
"953","S_15","S_45",0.623176787228553
"954","S_17","S_45",2.55107199280962
"955","S_19","S_45",2.14720560986664
"956","S_21","S_45",0.297807080030109
"957","S_23","S_45",1.25686729985188
"958","S_27","S_45",0.95335455862595
"959","S_29","S_45",2.55141039539009
"960","S_31","S_45",0.764377117130012
"961","S_33","S_45",1.13330262908873
"962","S_35","S_45",1.28827655211372
"963","S_37","S_45",2.91223788768632
"964","S_39","S_45",1.74473651326858
"965","S_41","S_45",2.91223788745098
"966","S_43","S_45",0.443614897316648
"967","S_45","S_45",0
"968","S_47","S_45",1.03469575120757
"969","S_49","S_45",0.628763195662401
"970","S_51","S_45",1.42073440653092
"971","S_53","S_45",2.5602285125733
"972","S_55","S_45",1.56566529510029
"973","S_57","S_45",2.91223788768626
"974","S_59","S_45",1.7783220741136
"975","S_61","S_45",2.91223788767596
"976","S_63","S_45",1.02474975425787
"977","S_65","S_45",2.9122378875991
"978","S_67","S_45",1.06013447629621
"979","S_69","S_45",1.92034102222552
"980","S_71","S_45",2.33559577781677
"981","S_73","S_45",2.91223788779134
"982","S_75","S_45",0.866691677621229
"983","S_77","S_45",1.13197496285765
"984","S_79","S_45",2.91223788759232
"985","S_81","S_45",1.24989729766355
"986","S_83","S_45",1.23259200832126
"987","S_85","S_45",1.48556310182755
"988","S_87","S_45",0.923849831318125
"989","S_89","S_45",1.28123749489464
"990","S_91","S_45",2.09550914063136
"991","S_1","S_47",3.47302273086556
"992","S_3","S_47",1.89256314669739
"993","S_5","S_47",1.0975951603345
"994","S_7","S_47",0.372756503604768
"995","S_9","S_47",3.47302273084225
"996","S_11","S_47",3.47302273070765
"997","S_13","S_47",0.289573029075353
"998","S_15","S_47",1.10043210045106
"999","S_17","S_47",3.21260434165609
"1000","S_19","S_47",2.25799564518451
"1001","S_21","S_47",1.26277812854832
"1002","S_23","S_47",1.11968720877212
"1003","S_27","S_47",1.04306942941967
"1004","S_29","S_47",3.2128159237199
"1005","S_31","S_47",0.644312423787936
"1006","S_33","S_47",1.43287019036881
"1007","S_35","S_47",1.65901162403695
"1008","S_37","S_47",3.47302273070633
"1009","S_39","S_47",2.28158717526093
"1010","S_41","S_47",3.47302273046044
"1011","S_43","S_47",1.47791145691175
"1012","S_45","S_47",1.03469575120757
"1013","S_47","S_47",0
"1014","S_49","S_47",0.640203373325595
"1015","S_51","S_47",2.09608905114805
"1016","S_53","S_47",3.26346197208493
"1017","S_55","S_47",0.915303588763118
"1018","S_57","S_47",3.47302273075442
"1019","S_59","S_47",2.42202667308242
"1020","S_61","S_47",3.47302273069286
"1021","S_63","S_47",0.488222878274787
"1022","S_65","S_47",3.47302273059687
"1023","S_67","S_47",0.196342031354679
"1024","S_69","S_47",2.48111799672828
"1025","S_71","S_47",2.57579418509713
"1026","S_73","S_47",3.47302273077982
"1027","S_75","S_47",0.345639772957417
"1028","S_77","S_47",1.70038271863035
"1029","S_79","S_47",3.47302273062802
"1030","S_81","S_47",0.976140228903819
"1031","S_83","S_47",0.58827062156037
"1032","S_85","S_47",0.656722930367356
"1033","S_87","S_47",1.62153828896856
"1034","S_89","S_47",1.55317795079858
"1035","S_91","S_47",1.94921149544685
"1036","S_1","S_49",2.85825995780723
"1037","S_3","S_49",1.35771807964337
"1038","S_5","S_49",0.471778190714882
"1039","S_7","S_49",0.746653572269581
"1040","S_9","S_49",2.85825995777952
"1041","S_11","S_49",2.85825995764405
"1042","S_13","S_49",0.505507923079241
"1043","S_15","S_49",0.460591890589129
"1044","S_17","S_49",2.57963835509105
"1045","S_19","S_49",1.77618203590807
"1046","S_21","S_49",0.737490998172122
"1047","S_23","S_49",0.7122784264119
"1048","S_27","S_49",0.489680194260843
"1049","S_29","S_49",2.57986618085857
"1050","S_31","S_49",0.139357749618583
"1051","S_33","S_49",0.83979488657277
"1052","S_35","S_49",1.05809636278705
"1053","S_37","S_49",2.85825995764552
"1054","S_39","S_49",1.66005133768239
"1055","S_41","S_49",2.85825995740032
"1056","S_43","S_49",1.02997847966984
"1057","S_45","S_49",0.628763195662401
"1058","S_47","S_49",0.640203373325595
"1059","S_49","S_49",0
"1060","S_51","S_49",1.45669017466101
"1061","S_53","S_49",2.62639476614384
"1062","S_55","S_49",0.937354592321955
"1063","S_57","S_49",2.85825995768384
"1064","S_59","S_49",1.78680062380052
"1065","S_61","S_49",2.85825995763263
"1066","S_63","S_49",0.412763251921664
"1067","S_65","S_49",2.85825995754004
"1068","S_67","S_49",0.558341608487687
"1069","S_69","S_49",1.85792034525676
"1070","S_71","S_49",2.04668302425943
"1071","S_73","S_49",2.85825995772607
"1072","S_75","S_49",0.326218393044576
"1073","S_77","S_49",1.06467445490648
"1074","S_79","S_49",2.85825995756344
"1075","S_81","S_49",0.656402343884619
"1076","S_83","S_49",0.614275828451312
"1077","S_85","S_49",0.886570750943357
"1078","S_87","S_49",0.982817057087696
"1079","S_89","S_49",0.976679254585302
"1080","S_91","S_49",1.59526567943279
"1081","S_1","S_51",1.49276075006192
"1082","S_3","S_51",1.04942055723815
"1083","S_5","S_51",1.03498101982207
"1084","S_7","S_51",2.15086417937945
"1085","S_9","S_51",1.49276075001635
"1086","S_11","S_51",1.4927607498822
"1087","S_13","S_51",1.91296827718384
"1088","S_15","S_51",1.00032645811494
"1089","S_17","S_51",1.14225810842694
"1090","S_19","S_51",1.25033050558513
"1091","S_21","S_51",1.1424388784931
"1092","S_23","S_51",1.32252491676181
"1093","S_27","S_51",1.14228837280579
"1094","S_29","S_51",1.14255020022575
"1095","S_31","S_51",1.46600054304558
"1096","S_33","S_51",0.790484789439181
"1097","S_35","S_51",0.619900049306851
"1098","S_37","S_51",1.4927607498956
"1099","S_39","S_51",0.403385511356613
"1100","S_41","S_51",1.49276074966241
"1101","S_43","S_51",1.30918505673658
"1102","S_45","S_51",1.42073440653092
"1103","S_47","S_51",2.09608905114805
"1104","S_49","S_51",1.45669017466101
"1105","S_51","S_51",0
"1106","S_53","S_51",1.17382861917981
"1107","S_55","S_51",1.96776694580484
"1108","S_57","S_51",1.49276074989045
"1109","S_59","S_51",0.357587706561926
"1110","S_61","S_51",1.49276074988562
"1111","S_63","S_51",1.73599098370535
"1112","S_65","S_51",1.49276074981113
"1113","S_67","S_51",1.98902304838227
"1114","S_69","S_51",0.526355936718496
"1115","S_71","S_51",1.20873936681339
"1116","S_73","S_51",1.4927607500035
"1117","S_75","S_51",1.76402433670607
"1118","S_77","S_51",0.407660826377117
"1119","S_79","S_51",1.49276074980036
"1120","S_81","S_51",1.4779083004162
"1121","S_83","S_51",1.84719532697434
"1122","S_85","S_51",2.12831758826216
"1123","S_87","S_51",0.50565807526575
"1124","S_89","S_51",0.775257307521279
"1125","S_91","S_51",1.57922013176651
"1126","S_1","S_53",0.599646669737603
"1127","S_3","S_53",1.95733553363893
"1128","S_5","S_53",2.20782588794632
"1129","S_7","S_53",3.32399577718024
"1130","S_9","S_53",0.599646669656959
"1131","S_11","S_53",0.599646669582476
"1132","S_13","S_53",3.06533188039354
"1133","S_15","S_53",2.17314795063654
"1134","S_17","S_53",0.157218082250797
"1135","S_19","S_53",1.74340391872268
"1136","S_21","S_53",2.26766482806819
"1137","S_23","S_53",2.37698077706305
"1138","S_27","S_53",2.26886300865306
"1139","S_29","S_53",0.157622343245401
"1140","S_31","S_53",2.62576184724728
"1141","S_33","S_53",1.88172528374112
"1142","S_35","S_53",1.66362146809174
"1143","S_37","S_53",0.599646669626414
"1144","S_39","S_53",1.0323948127368
"1145","S_41","S_53",0.599646669526378
"1146","S_43","S_53",2.35603527954158
"1147","S_45","S_53",2.5602285125733
"1148","S_47","S_53",3.26346197208493
"1149","S_49","S_53",2.62639476614384
"1150","S_51","S_53",1.17382861917981
"1151","S_53","S_53",0
"1152","S_55","S_53",3.01852501752608
"1153","S_57","S_53",0.599646669491977
"1154","S_59","S_53",0.843003372342481
"1155","S_61","S_53",0.599646669629397
"1156","S_63","S_53",2.87751499441754
"1157","S_65","S_53",0.599646669640529
"1158","S_67","S_53",3.14633675202221
"1159","S_69","S_53",0.843135937131605
"1160","S_71","S_53",1.42811065194945
"1161","S_73","S_53",0.599646669772184
"1162","S_75","S_53",2.9263281794069
"1163","S_77","S_53",1.56312196622143
"1164","S_79","S_53",0.599646669530915
"1165","S_81","S_53",2.54854505167138
"1166","S_83","S_53",2.96304139329239
"1167","S_85","S_53",3.22834333604844
"1168","S_87","S_53",1.67394165015422
"1169","S_89","S_53",1.80781649386968
"1170","S_91","S_53",2.27110168454647
"1171","S_1","S_55",3.07176747756849
"1172","S_3","S_55",2.23024528939744
"1173","S_5","S_55",1.29548293813599
"1174","S_7","S_55",1.27600678763577
"1175","S_9","S_55",3.07176747756543
"1176","S_11","S_55",3.07176747743986
"1177","S_13","S_55",0.654843995941423
"1178","S_15","S_55",1.20675484220923
"1179","S_17","S_55",2.92810582101013
"1180","S_19","S_55",1.61192302190628
"1181","S_21","S_55",1.6480310825395
"1182","S_23","S_55",0.6486384610111
"1183","S_27","S_55",0.866665383917759
"1184","S_29","S_55",2.92817117836995
"1185","S_31","S_55",0.805547147904647
"1186","S_33","S_55",1.17738906615397
"1187","S_35","S_55",1.37088893013544
"1188","S_37","S_55",3.0717674774263
"1189","S_39","S_55",1.98647805828002
"1190","S_41","S_55",3.07176747718697
"1191","S_43","S_55",1.95878738200321
"1192","S_45","S_55",1.56566529510029
"1193","S_47","S_55",0.915303588763118
"1194","S_49","S_55",0.937354592321955
"1195","S_51","S_55",1.96776694580484
"1196","S_53","S_55",3.01852501752608
"1197","S_55","S_55",0
"1198","S_57","S_55",3.07176747751563
"1199","S_59","S_55",2.20594567747206
"1200","S_61","S_55",3.07176747741086
"1201","S_63","S_55",0.560457976925255
"1202","S_65","S_55",3.07176747730357
"1203","S_67","S_55",0.72696425959769
"1204","S_69","S_55",2.17677316733137
"1205","S_71","S_55",1.98695520048029
"1206","S_73","S_55",3.07176747746585
"1207","S_75","S_55",0.768051716201015
"1208","S_77","S_55",1.57380417766111
"1209","S_79","S_55",3.07176747736765
"1210","S_81","S_55",0.490760730387872
"1211","S_83","S_55",0.360262653796347
"1212","S_85","S_55",0.325032773093065
"1213","S_87","S_55",1.63798129459377
"1214","S_89","S_55",1.21837685141068
"1215","S_91","S_55",1.1680295205777
"1216","S_1","S_57",2.45737182551115e-10
"1217","S_3","S_57",2.43074945811257
"1218","S_5","S_57",2.49530395594609
"1219","S_7","S_57",3.59188122415525
"1220","S_9","S_57",1.66133231141837e-10
"1221","S_11","S_57",1.30629632754079e-10
"1222","S_13","S_57",3.24123309713196
"1223","S_15","S_57",2.43350661017011
"1224","S_17","S_57",0.480964518203197
"1225","S_19","S_57",1.5820278948738
"1226","S_21","S_57",2.63500592468703
"1227","S_23","S_57",2.4664992515338
"1228","S_27","S_57",2.43551175624934
"1229","S_29","S_57",0.480433185586555
"1230","S_31","S_57",2.82929838484524
"1231","S_33","S_57",2.04162407042693
"1232","S_35","S_57",1.81479306075114
"1233","S_37","S_57",1.77766912612931e-10
"1234","S_39","S_57",1.19975408173647
"1235","S_41","S_57",3.42708610368016e-10
"1236","S_43","S_57",2.77887936036753
"1237","S_45","S_57",2.91223788768626
"1238","S_47","S_57",3.47302273075442
"1239","S_49","S_57",2.85825995768384
"1240","S_51","S_57",1.49276074989045
"1241","S_53","S_57",0.599646669491977
"1242","S_55","S_57",3.07176747751563
"1243","S_57","S_57",0
"1244","S_59","S_57",1.13599923671038
"1245","S_61","S_57",1.9095187837582e-10
"1246","S_63","S_57",3.03957306597777
"1247","S_65","S_57",2.85557697099751e-10
"1248","S_67","S_57",3.33068630857037
"1249","S_69","S_57",1.00569633196974
"1250","S_71","S_57",1.20164025125833
"1251","S_73","S_57",2.98743503441084e-10
"1252","S_75","S_57",3.12774166275643
"1253","S_77","S_57",1.81582713934341
"1254","S_79","S_57",1.62686301230238e-10
"1255","S_81","S_57",2.64206928344894
"1256","S_83","S_57",3.08657829022735
"1257","S_85","S_57",3.32441784036115
"1258","S_87","S_57",1.99020004548238
"1259","S_89","S_57",1.93216814548335
"1260","S_91","S_57",2.13836528995134
"1261","S_1","S_59",1.13599923688509
"1262","S_3","S_59",1.34929071776868
"1263","S_5","S_59",1.38312715297791
"1264","S_7","S_59",2.49615157594519
"1265","S_9","S_59",1.13599923683827
"1266","S_11","S_59",1.13599923670455
"1267","S_13","S_59",2.22244637261155
"1268","S_15","S_59",1.3382124631515
"1269","S_17","S_59",0.794335675762481
"1270","S_19","S_59",1.1969678245945
"1271","S_21","S_59",1.4990713698316
"1272","S_23","S_59",1.55820592012044
"1273","S_27","S_59",1.42851966147616
"1274","S_29","S_59",0.79458798136429
"1275","S_31","S_59",1.7830345482682
"1276","S_33","S_59",1.04642929253997
"1277","S_35","S_59",0.836294745261513
"1278","S_37","S_59",1.13599923671884
"1279","S_39","S_59",0.271114474896946
"1280","S_41","S_59",1.13599923648714
"1281","S_43","S_59",1.65274909793496
"1282","S_45","S_59",1.7783220741136
"1283","S_47","S_59",2.42202667308242
"1284","S_49","S_59",1.78680062380052
"1285","S_51","S_59",0.357587706561926
"1286","S_53","S_59",0.843003372342481
"1287","S_55","S_59",2.20594567747206
"1288","S_57","S_59",1.13599923671038
"1289","S_59","S_59",0
"1290","S_61","S_59",1.13599923670911
"1291","S_63","S_59",2.03572204783333
"1292","S_65","S_59",1.13599923663618
"1293","S_67","S_59",2.30333988281718
"1294","S_69","S_59",0.233650322927499
"1295","S_71","S_59",1.04502577180582
"1296","S_73","S_59",1.13599923682856
"1297","S_75","S_59",2.08378499087503
"1298","S_77","S_59",0.722154231770332
"1299","S_79","S_59",1.13599923662282
"1300","S_81","S_59",1.72542551667536
"1301","S_83","S_59",2.12718396844756
"1302","S_85","S_59",2.39808994845292
"1303","S_87","S_59",0.860906909015118
"1304","S_89","S_59",0.987568904027882
"1305","S_91","S_59",1.62877749862641
"1306","S_1","S_61",1.76920080405288e-10
"1307","S_3","S_61",2.43074945815468
"1308","S_5","S_61",2.49530395591593
"1309","S_7","S_61",3.59188122411206
"1310","S_9","S_61",1.54579228294643e-10
"1311","S_11","S_61",6.06193599760924e-11
"1312","S_13","S_61",3.24123309706114
"1313","S_15","S_61",2.43350661013143
"1314","S_17","S_61",0.480964518312745
"1315","S_19","S_61",1.58202789472897
"1316","S_21","S_61",2.63500592468423
"1317","S_23","S_61",2.46649925144292
"1318","S_27","S_61",2.43551175618114
"1319","S_29","S_61",0.480433185696084
"1320","S_31","S_61",2.82929838478527
"1321","S_33","S_61",2.04162407036098
"1322","S_35","S_61",1.81479306068593
"1323","S_37","S_61",1.65464116188638e-11
"1324","S_39","S_61",1.19975408169241
"1325","S_41","S_61",2.32466929342025e-10
"1326","S_43","S_61",2.77887936038562
"1327","S_45","S_61",2.91223788767596
"1328","S_47","S_61",3.47302273069286
"1329","S_49","S_61",2.85825995763263
"1330","S_51","S_61",1.49276074988562
"1331","S_53","S_61",0.599646669629397
"1332","S_55","S_61",3.07176747741086
"1333","S_57","S_61",1.9095187837582e-10
"1334","S_59","S_61",1.13599923670911
"1335","S_61","S_61",0
"1336","S_63","S_61",3.03957306590386
"1337","S_65","S_61",1.11847540835855e-10
"1338","S_67","S_61",3.33068630850167
"1339","S_69","S_61",1.00569633193399
"1340","S_71","S_61",1.20164025110503
"1341","S_73","S_61",1.45700973257144e-10
"1342","S_75","S_61",3.127741662694
"1343","S_77","S_61",1.81582713930989
"1344","S_79","S_61",1.01697944857134e-10
"1345","S_81","S_61",2.6420692833578
"1346","S_83","S_61",3.08657829014192
"1347","S_85","S_61",3.32441784026681
"1348","S_87","S_61",1.99020004546751
"1349","S_89","S_61",1.93216814540835
"1350","S_91","S_61",2.13836528980718
"1351","S_1","S_63",3.03957306607349
"1352","S_3","S_63",1.76610611803024
"1353","S_5","S_63",0.852467607663291
"1354","S_7","S_63",0.785493945267186
"1355","S_9","S_63",3.03957306605564
"1356","S_11","S_63",3.03957306592267
"1357","S_13","S_63",0.208948239873162
"1358","S_15","S_63",0.802020162825536
"1359","S_17","S_63",2.81270887458189
"1360","S_19","S_63",1.77181368908842
"1361","S_21","S_63",1.15001554286448
"1362","S_23","S_63",0.633465461576043
"1363","S_27","S_63",0.610376710090298
"1364","S_29","S_63",2.81287389423582
"1365","S_31","S_63",0.310546806523373
"1366","S_33","S_63",1.00416486157832
"1367","S_35","S_63",1.23014755005532
"1368","S_37","S_63",3.03957306591796
"1369","S_39","S_63",1.86640489581567
"1370","S_41","S_63",3.03957306567231
"1371","S_43","S_63",1.44018347852232
"1372","S_45","S_63",1.02474975425787
"1373","S_47","S_63",0.488222878274787
"1374","S_49","S_63",0.412763251921664
"1375","S_51","S_63",1.73599098370535
"1376","S_53","S_63",2.87751499441754
"1377","S_55","S_63",0.560457976925255
"1378","S_57","S_63",3.03957306597777
"1379","S_59","S_63",2.03572204783333
"1380","S_61","S_63",3.03957306590386
"1381","S_63","S_63",0
"1382","S_65","S_63",3.03957306580413
"1383","S_67","S_63",0.305772858311898
"1384","S_69","S_63",2.06634421090442
"1385","S_71","S_63",2.0969354465102
"1386","S_73","S_63",3.03957306598253
"1387","S_75","S_63",0.217203446529212
"1388","S_77","S_63",1.32887239451976
"1389","S_79","S_63",3.03957306584458
"1390","S_81","S_63",0.488320580776469
"1391","S_83","S_63",0.208719894372532
"1392","S_85","S_63",0.474294386545429
"1393","S_87","S_63",1.30888009107358
"1394","S_89","S_63",1.10750783287517
"1395","S_91","S_63",1.46735616030286
"1396","S_1","S_65",2.69363841462364e-10
"1397","S_3","S_65",2.43074945810291
"1398","S_5","S_65",2.49530395583101
"1399","S_7","S_65",3.59188122402228
"1400","S_9","S_65",2.63906107269304e-10
"1401","S_11","S_65",1.60537807405817e-10
"1402","S_13","S_65",3.24123309696231
"1403","S_15","S_65",2.43350661004329
"1404","S_17","S_65",0.480964518302402
"1405","S_19","S_65",1.58202789461713
"1406","S_21","S_65",2.63500592461062
"1407","S_23","S_65",2.46649925133869
"1408","S_27","S_65",2.43551175608309
"1409","S_29","S_65",0.480433185685729
"1410","S_31","S_65",2.82929838468978
"1411","S_33","S_65",2.04162407026361
"1412","S_35","S_65",1.81479306058879
"1413","S_37","S_65",1.28346075571992e-10
"1414","S_39","S_65",1.19975408160232
"1415","S_41","S_65",1.49864101574203e-10
"1416","S_43","S_65",2.77887936032167
"1417","S_45","S_65",2.9122378875991
"1418","S_47","S_65",3.47302273059687
"1419","S_49","S_65",2.85825995754004
"1420","S_51","S_65",1.49276074981113
"1421","S_53","S_65",0.599646669640529
"1422","S_55","S_65",3.07176747730357
"1423","S_57","S_65",2.85557697099751e-10
"1424","S_59","S_65",1.13599923663618
"1425","S_61","S_65",1.11847540835855e-10
"1426","S_63","S_65",3.03957306580413
"1427","S_65","S_65",0
"1428","S_67","S_65",3.33068630840347
"1429","S_69","S_65",1.00569633184693
"1430","S_71","S_65",1.20164025099342
"1431","S_73","S_65",1.92385928770086e-10
"1432","S_75","S_65",3.12774166259774
"1433","S_77","S_65",1.81582713922368
"1434","S_79","S_65",1.39273748046455e-10
"1435","S_81","S_65",2.64206928325351
"1436","S_83","S_65",3.08657829003905
"1437","S_85","S_65",3.32441784016176
"1438","S_87","S_65",1.99020004538872
"1439","S_89","S_65",1.93216814530831
"1440","S_91","S_65",2.13836528969534
"1441","S_1","S_67",3.33068630867271
"1442","S_3","S_67",1.88435654804205
"1443","S_5","S_67",1.03003175927812
"1444","S_7","S_67",0.549347325929092
"1445","S_9","S_67",3.33068630865252
"1446","S_11","S_67",3.33068630851878
"1447","S_13","S_67",0.0977189415413041
"1448","S_15","S_67",1.01121083709729
"1449","S_17","S_67",3.08829206770159
"1450","S_19","S_67",2.0766507648832
"1451","S_21","S_67",1.2522667940684
"1452","S_23","S_67",0.938768229699851
"1453","S_27","S_67",0.895209787934074
"1454","S_29","S_67",3.08847974708618
"1455","S_31","S_67",0.523062791201361
"1456","S_33","S_67",1.28968641293115
"1457","S_35","S_67",1.51664957261493
"1458","S_37","S_67",3.33068630851551
"1459","S_39","S_67",2.14796715767432
"1460","S_41","S_67",3.33068630826962
"1461","S_43","S_67",1.50088226801967
"1462","S_45","S_67",1.06013447629621
"1463","S_47","S_67",0.196342031354679
"1464","S_49","S_67",0.558341608487687
"1465","S_51","S_67",1.98902304838227
"1466","S_53","S_67",3.14633675202221
"1467","S_55","S_67",0.72696425959769
"1468","S_57","S_67",3.33068630857037
"1469","S_59","S_67",2.30333988281718
"1470","S_61","S_67",3.33068630850167
"1471","S_63","S_67",0.305772858311898
"1472","S_65","S_67",3.33068630840347
"1473","S_67","S_67",0
"1474","S_69","S_67",2.34806556727124
"1475","S_71","S_67",2.40259082012423
"1476","S_73","S_67",3.33068630858392
"1477","S_75","S_67",0.232249059411851
"1478","S_77","S_67",1.5861974715951
"1479","S_79","S_67",3.33068630843999
"1480","S_81","S_67",0.788435261073105
"1481","S_83","S_67",0.392269527115582
"1482","S_85","S_67",0.494629133173851
"1483","S_87","S_67",1.53315410642367
"1484","S_89","S_67",1.40143569542588
"1485","S_91","S_67",1.7554944908562
"1486","S_1","S_69",1.00569633211036
"1487","S_3","S_69",1.5612168504243
"1488","S_5","S_69",1.49035227543698
"1489","S_7","S_69",2.58729223396534
"1490","S_9","S_69",1.00569633207637
"1491","S_11","S_69",1.00569633194043
"1492","S_13","S_69",2.26207161825585
"1493","S_15","S_69",1.42801947166891
"1494","S_17","S_69",0.753858864719281
"1495","S_19","S_69",1.01252935288165
"1496","S_21","S_69",1.65358908685356
"1497","S_23","S_69",1.53848584100963
"1498","S_27","S_69",1.45629708665304
"1499","S_29","S_69",0.753961582299551
"1500","S_31","S_69",1.83694636724216
"1501","S_33","S_69",1.06227767324691
"1502","S_35","S_69",0.837477411393055
"1503","S_37","S_69",1.00569633194598
"1504","S_39","S_69",0.200118945399998
"1505","S_41","S_69",1.00569633170319
"1506","S_43","S_69",1.8349100536146
"1507","S_45","S_69",1.92034102222552
"1508","S_47","S_69",2.48111799672828
"1509","S_49","S_69",1.85792034525676
"1510","S_51","S_69",0.526355936718496
"1511","S_53","S_69",0.843135937131605
"1512","S_55","S_69",2.17677316733137
"1513","S_57","S_69",1.00569633196974
"1514","S_59","S_69",0.233650322927499
"1515","S_61","S_69",1.00569633193399
"1516","S_63","S_69",2.06634421090442
"1517","S_65","S_69",1.00569633184693
"1518","S_67","S_69",2.34806556727124
"1519","S_69","S_69",0
"1520","S_71","S_69",0.822464181971218
"1521","S_73","S_69",1.0056963320364
"1522","S_75","S_69",2.13747505130742
"1523","S_77","S_69",0.81028995350432
"1524","S_79","S_69",1.00569633185885
"1525","S_81","S_69",1.71164269827158
"1526","S_83","S_69",2.13638395673594
"1527","S_85","S_69",2.39455360595918
"1528","S_87","S_69",0.996794216183831
"1529","S_89","S_69",0.97368974485955
"1530","S_91","S_69",1.48508551038813
"1531","S_1","S_71",1.2016402512254
"1532","S_3","S_71",2.23371027326977
"1533","S_5","S_71",1.83829923091901
"1534","S_7","S_71",2.78647573683069
"1535","S_9","S_71",1.20164025125057
"1536","S_11","S_71",1.20164025115058
"1537","S_13","S_71",2.30583552233414
"1538","S_15","S_71",1.73207280584539
"1539","S_17","S_71",1.28184616262174
"1540","S_19","S_71",0.392787270830895
"1541","S_21","S_71",2.1300424061335
"1542","S_23","S_71",1.46774793168805
"1543","S_27","S_71",1.56128967691992
"1544","S_29","S_71",1.28160915011425
"1545","S_31","S_71",1.97114841283213
"1546","S_33","S_71",1.22729817951665
"1547","S_35","S_71",1.04761290577706
"1548","S_37","S_71",1.20164025112158
"1549","S_39","S_71",0.822459184297842
"1550","S_41","S_71",1.20164025091632
"1551","S_43","S_71",2.38957980723878
"1552","S_45","S_71",2.33559577781677
"1553","S_47","S_71",2.57579418509713
"1554","S_49","S_71",2.04668302425943
"1555","S_51","S_71",1.20873936681339
"1556","S_53","S_71",1.42811065194945
"1557","S_55","S_71",1.98695520048029
"1558","S_57","S_71",1.20164025125833
"1559","S_59","S_71",1.04502577180582
"1560","S_61","S_71",1.20164025110503
"1561","S_63","S_71",2.0969354465102
"1562","S_65","S_71",1.20164025099342
"1563","S_67","S_71",2.40259082012423
"1564","S_69","S_71",0.822464181971218
"1565","S_71","S_71",0
"1566","S_73","S_71",1.20164025111025
"1567","S_75","S_71",2.2401776053125
"1568","S_77","S_71",1.25083592161468
"1569","S_79","S_71",1.20164025109613
"1570","S_81","S_71",1.63238798901984
"1571","S_83","S_71",2.08595014388981
"1572","S_85","S_71",2.2770623289928
"1573","S_87","S_71",1.50416316314747
"1574","S_89","S_71",1.08020761741235
"1575","S_91","S_71",0.944684938535981
"1576","S_1","S_73",1.162439685826e-10
"1577","S_3","S_73",2.43074945828996
"1578","S_5","S_73",2.49530395602138
"1579","S_7","S_73",3.59188122421026
"1580","S_9","S_73",1.68621234898948e-10
"1581","S_11","S_73",1.89940816261838e-10
"1582","S_13","S_73",3.24123309714194
"1583","S_15","S_73",2.43350661023221
"1584","S_17","S_73",0.480964518458441
"1585","S_19","S_73",1.58202789474451
"1586","S_21","S_73",2.63500592480301
"1587","S_23","S_73",2.46649925150913
"1588","S_27","S_73",2.43551175626372
"1589","S_29","S_73",0.480433185841781
"1590","S_31","S_73",2.82929838487325
"1591","S_33","S_73",2.04162407044506
"1592","S_35","S_73",1.8147930607705
"1593","S_37","S_73",1.46323289337261e-10
"1594","S_39","S_73",1.19975408179011
"1595","S_41","S_73",3.41719473938776e-10
"1596","S_43","S_73",2.77887936051292
"1597","S_45","S_73",2.91223788779134
"1598","S_47","S_73",3.47302273077982
"1599","S_49","S_73",2.85825995772607
"1600","S_51","S_73",1.4927607500035
"1601","S_53","S_73",0.599646669772184
"1602","S_55","S_73",3.07176747746585
"1603","S_57","S_73",2.98743503441084e-10
"1604","S_59","S_73",1.13599923682856
"1605","S_61","S_73",1.45700973257144e-10
"1606","S_63","S_73",3.03957306598253
"1607","S_65","S_73",1.92385928770086e-10
"1608","S_67","S_73",3.33068630858392
"1609","S_69","S_73",1.0056963320364
"1610","S_71","S_73",1.20164025111025
"1611","S_73","S_73",0
"1612","S_75","S_73",3.12774166278041
"1613","S_77","S_73",1.81582713941353
"1614","S_79","S_73",2.47318391382368e-10
"1615","S_81","S_73",2.64206928342382
"1616","S_83","S_73",3.08657829021229
"1617","S_85","S_73",3.32441784033032
"1618","S_87","S_73",1.99020004558071
"1619","S_89","S_73",1.93216814548626
"1620","S_91","S_73",2.13836528982349
"1621","S_1","S_75",3.12774166286652
"1622","S_3","S_75",1.66472660620591
"1623","S_5","S_75",0.797989894361571
"1624","S_7","S_75",0.582076752190826
"1625","S_9","S_75",3.12774166284358
"1626","S_11","S_75",3.12774166270907
"1627","S_13","S_75",0.187706951866827
"1628","S_15","S_75",0.780092761371263
"1629","S_17","S_75",2.87217997579376
"1630","S_19","S_75",1.93303438286262
"1631","S_21","S_75",1.03483004429617
"1632","S_23","S_75",0.801121751365753
"1633","S_27","S_75",0.697911620943731
"1634","S_29","S_75",2.87238186333181
"1635","S_31","S_75",0.301155555669145
"1636","S_33","S_75",1.08724684740213
"1637","S_35","S_75",1.31346852403823
"1638","S_37","S_75",3.12774166270751
"1639","S_39","S_75",1.93771996045459
"1640","S_41","S_75",3.12774166246161
"1641","S_43","S_75",1.2996614724634
"1642","S_45","S_75",0.866691677621229
"1643","S_47","S_75",0.345639772957417
"1644","S_49","S_75",0.326218393044576
"1645","S_51","S_75",1.76402433670607
"1646","S_53","S_75",2.9263281794069
"1647","S_55","S_75",0.768051716201015
"1648","S_57","S_75",3.12774166275643
"1649","S_59","S_75",2.08378499087503
"1650","S_61","S_75",3.127741662694
"1651","S_63","S_75",0.217203446529212
"1652","S_65","S_75",3.12774166259774
"1653","S_67","S_75",0.232249059411851
"1654","S_69","S_75",2.13747505130742
"1655","S_71","S_75",2.2401776053125
"1656","S_73","S_75",3.12774166278041
"1657","S_75","S_75",0
"1658","S_77","S_75",1.36383260028267
"1659","S_79","S_75",3.12774166262953
"1660","S_81","S_75",0.677528299249349
"1661","S_83","S_75",0.40818257517709
"1662","S_85","S_75",0.623551900303206
"1663","S_87","S_75",1.30256550557008
"1664","S_89","S_75",1.20810720139985
"1665","S_91","S_75",1.66262438719854
"1666","S_1","S_77",1.81582713948641
"1667","S_3","S_77",1.03488624712382
"1668","S_5","S_77",0.680538776393028
"1669","S_7","S_77",1.78095587347384
"1670","S_9","S_77",1.81582713945155
"1671","S_11","S_77",1.81582713931562
"1672","S_13","S_77",1.50821725167455
"1673","S_15","S_77",0.620379963412172
"1674","S_17","S_77",1.51526069458247
"1675","S_19","S_77",1.1614045156591
"1676","S_21","S_77",0.892180792233421
"1677","S_23","S_77",0.936426059785249
"1678","S_27","S_77",0.735604231554299
"1679","S_29","S_77",1.51549467605118
"1680","S_31","S_77",1.06395633803845
"1681","S_33","S_77",0.407104367488459
"1682","S_35","S_77",0.311972590534119
"1683","S_37","S_77",1.81582713932174
"1684","S_39","S_77",0.621667526400792
"1685","S_41","S_77",1.81582713907944
"1686","S_43","S_77",1.13875497509848
"1687","S_45","S_77",1.13197496285765
"1688","S_47","S_77",1.70038271863035
"1689","S_49","S_77",1.06467445490648
"1690","S_51","S_77",0.407660826377117
"1691","S_53","S_77",1.56312196622143
"1692","S_55","S_77",1.57380417766111
"1693","S_57","S_77",1.81582713934341
"1694","S_59","S_77",0.722154231770332
"1695","S_61","S_77",1.81582713930989
"1696","S_63","S_77",1.32887239451976
"1697","S_65","S_77",1.81582713922368
"1698","S_67","S_77",1.5861974715951
"1699","S_69","S_77",0.81028995350432
"1700","S_71","S_77",1.25083592161468
"1701","S_73","S_77",1.81582713941353
"1702","S_75","S_77",1.36383260028267
"1703","S_77","S_77",0
"1704","S_79","S_77",1.81582713923395
"1705","S_81","S_77",1.08306097214756
"1706","S_83","S_77",1.44028414283432
"1707","S_85","S_77",1.72286462828459
"1708","S_87","S_77",0.255775353145888
"1709","S_89","S_77",0.440260464807433
"1710","S_91","S_77",1.35176012529903
"1711","S_1","S_79",2.64686925444001e-10
"1712","S_3","S_79",2.43074945805843
"1713","S_5","S_79",2.49530395583879
"1714","S_7","S_79",3.59188122403971
"1715","S_9","S_79",2.17680938878358e-10
"1716","S_11","S_79",8.19955933351049e-11
"1717","S_13","S_79",3.24123309700043
"1718","S_15","S_79",2.43350661005738
"1719","S_17","S_79",0.480964518211229
"1720","S_19","S_79",1.5820278947129
"1721","S_21","S_79",2.63500592459838
"1722","S_23","S_79",2.46649925139207
"1723","S_27","S_79",2.43551175611923
"1724","S_29","S_79",0.480433185594568
"1725","S_31","S_79",2.82929838471974
"1726","S_33","S_79",2.04162407029806
"1727","S_35","S_79",1.81479306062269
"1728","S_37","S_79",1.04186541128804e-10
"1729","S_39","S_79",1.1997540816204
"1730","S_41","S_79",1.83076107083922e-10
"1731","S_43","S_79",2.77887936029433
"1732","S_45","S_79",2.91223788759232
"1733","S_47","S_79",3.47302273062802
"1734","S_49","S_79",2.85825995756344
"1735","S_51","S_79",1.49276074980036
"1736","S_53","S_79",0.599646669530915
"1737","S_55","S_79",3.07176747736765
"1738","S_57","S_79",1.62686301230238e-10
"1739","S_59","S_79",1.13599923662282
"1740","S_61","S_79",1.01697944857134e-10
"1741","S_63","S_79",3.03957306584458
"1742","S_65","S_79",1.39273748046455e-10
"1743","S_67","S_79",3.33068630843999
"1744","S_69","S_79",1.00569633185885
"1745","S_71","S_79",1.20164025109613
"1746","S_73","S_79",2.47318391382368e-10
"1747","S_75","S_79",3.12774166262953
"1748","S_77","S_79",1.81582713923395
"1749","S_79","S_79",0
"1750","S_81","S_79",2.64206928330709
"1751","S_83","S_79",3.08657829008826
"1752","S_85","S_79",3.32441784021779
"1753","S_87","S_79",1.99020004538528
"1754","S_89","S_79",1.93216814534959
"1755","S_91","S_79",2.13836528979057
"1756","S_1","S_81",2.64206928352156
"1757","S_3","S_81",1.79773545663694
"1758","S_5","S_81",0.878438564192982
"1759","S_7","S_81",1.25959145099039
"1760","S_9","S_81",2.64206928351175
"1761","S_11","S_81",2.64206928338228
"1762","S_13","S_81",0.690802557487486
"1763","S_15","S_81",0.770481405156913
"1764","S_17","S_81",2.46545105405565
"1765","S_19","S_81",1.29215669888022
"1766","S_21","S_81",1.26167377103539
"1767","S_23","S_81",0.175611989907581
"1768","S_27","S_81",0.393906292124007
"1769","S_29","S_81",2.46554858416235
"1770","S_31","S_81",0.521032971278899
"1771","S_33","S_81",0.688196094855385
"1772","S_35","S_81",0.889185831280098
"1773","S_37","S_81",2.6420692833727
"1774","S_39","S_81",1.516925235168
"1775","S_41","S_81",2.64206928312948
"1776","S_43","S_81",1.58780631691567
"1777","S_45","S_81",1.24989729766355
"1778","S_47","S_81",0.976140228903819
"1779","S_49","S_81",0.656402343884619
"1780","S_51","S_81",1.4779083004162
"1781","S_53","S_81",2.54854505167138
"1782","S_55","S_81",0.490760730387872
"1783","S_57","S_81",2.64206928344894
"1784","S_59","S_81",1.72542551667536
"1785","S_61","S_81",2.6420692833578
"1786","S_63","S_81",0.488320580776469
"1787","S_65","S_81",2.64206928325351
"1788","S_67","S_81",0.788435261073105
"1789","S_69","S_81",1.71164269827158
"1790","S_71","S_81",1.63238798901984
"1791","S_73","S_81",2.64206928342382
"1792","S_75","S_81",0.677528299249349
"1793","S_77","S_81",1.08306097214756
"1794","S_79","S_81",2.64206928330709
"1795","S_81","S_81",0
"1796","S_83","S_81",0.454821352490062
"1797","S_85","S_81",0.68472750326347
"1798","S_87","S_81",1.15628843023095
"1799","S_89","S_81",0.740902723243613
"1800","S_91","S_81",0.985106603996863
"1801","S_1","S_83",3.08657829030785
"1802","S_3","S_83",1.95610789167282
"1803","S_5","S_83",1.03028848268938
"1804","S_7","S_83",0.931717965300819
"1805","S_9","S_83",3.08657829029531
"1806","S_11","S_83",3.08657829016452
"1807","S_13","S_83",0.30689942329244
"1808","S_15","S_83",0.964782436551004
"1809","S_17","S_83",2.88883093630578
"1810","S_19","S_83",1.7388948629864
"1811","S_21","S_83",1.34797255592576
"1812","S_23","S_83",0.626419301531717
"1813","S_27","S_83",0.704912870845949
"1814","S_29","S_83",2.88896095406662
"1815","S_31","S_83",0.49784131195195
"1816","S_33","S_83",1.08155316538432
"1817","S_35","S_83",1.30069279676983
"1818","S_37","S_83",3.08657829015656
"1819","S_39","S_83",1.93823997009906
"1820","S_41","S_83",3.08657828991226
"1821","S_43","S_83",1.64414562384989
"1822","S_45","S_83",1.23259200832126
"1823","S_47","S_83",0.58827062156037
"1824","S_49","S_83",0.614275828451312
"1825","S_51","S_83",1.84719532697434
"1826","S_53","S_83",2.96304139329239
"1827","S_55","S_83",0.360262653796347
"1828","S_57","S_83",3.08657829022735
"1829","S_59","S_83",2.12718396844756
"1830","S_61","S_83",3.08657829014192
"1831","S_63","S_83",0.208719894372532
"1832","S_65","S_83",3.08657829003905
"1833","S_67","S_83",0.392269527115582
"1834","S_69","S_83",2.13638395673594
"1835","S_71","S_83",2.08595014388981
"1836","S_73","S_83",3.08657829021229
"1837","S_75","S_83",0.40818257517709
"1838","S_77","S_83",1.44028414283432
"1839","S_79","S_83",3.08657829008826
"1840","S_81","S_83",0.454821352490062
"1841","S_83","S_83",0
"1842","S_85","S_83",0.292145200979257
"1843","S_87","S_83",1.45092956648355
"1844","S_89","S_83",1.1637228498972
"1845","S_91","S_83",1.37819997552496
"1846","S_1","S_85",3.32441784042925
"1847","S_3","S_85",2.2397000308693
"1848","S_5","S_85",1.31920646981226
"1849","S_7","S_85",1.02921205569289
"1850","S_9","S_85",3.32441784042099
"1851","S_11","S_85",3.32441784029235
"1852","S_13","S_85",0.456351714914873
"1853","S_15","S_85",1.25654436728621
"1854","S_17","S_85",3.148379477799
"1855","S_19","S_85",1.91122634111582
"1856","S_21","S_85",1.62405201046114
"1857","S_23","S_85",0.859972916520478
"1858","S_27","S_85",0.98781748013619
"1859","S_29","S_85",3.14848633060637
"1860","S_31","S_85",0.781131720340579
"1861","S_33","S_85",1.35205341070597
"1862","S_35","S_85",1.56504120629371
"1863","S_37","S_85",3.32441784028183
"1864","S_39","S_85",2.19854189268597
"1865","S_41","S_85",3.32441784003937
"1866","S_43","S_85",1.90988332562482
"1867","S_45","S_85",1.48556310182755
"1868","S_47","S_85",0.656722930367356
"1869","S_49","S_85",0.886570750943357
"1870","S_51","S_85",2.12831758826216
"1871","S_53","S_85",3.22834333604844
"1872","S_55","S_85",0.325032773093065
"1873","S_57","S_85",3.32441784036115
"1874","S_59","S_85",2.39808994845292
"1875","S_61","S_85",3.32441784026681
"1876","S_63","S_85",0.474294386545429
"1877","S_65","S_85",3.32441784016176
"1878","S_67","S_85",0.494629133173851
"1879","S_69","S_85",2.39455360595918
"1880","S_71","S_85",2.2770623289928
"1881","S_73","S_85",3.32441784033032
"1882","S_75","S_85",0.623551900303206
"1883","S_77","S_85",1.72286462828459
"1884","S_79","S_85",3.32441784021779
"1885","S_81","S_85",0.68472750326347
"1886","S_83","S_85",0.292145200979257
"1887","S_85","S_85",0
"1888","S_87","S_85",1.7417560443493
"1889","S_89","S_85",1.42144187098614
"1890","S_91","S_85",1.48832944694951
"1891","S_1","S_87",1.99020004564434
"1892","S_3","S_87",0.792001438186741
"1893","S_5","S_87",0.536087495745764
"1894","S_7","S_87",1.65115541539476
"1895","S_9","S_87",1.9902000456024
"1896","S_11","S_87",1.99020004546727
"1897","S_13","S_87",1.46592095855584
"1898","S_15","S_87",0.522767283805982
"1899","S_17","S_87",1.64757503847795
"1900","S_19","S_87",1.41426966080348
"1901","S_21","S_87",0.660889457107556
"1902","S_23","S_87",1.0355280355771
"1903","S_27","S_87",0.771661366739388
"1904","S_29","S_87",1.64787313079757
"1905","S_31","S_87",1.01529667944171
"1906","S_33","S_87",0.55424794273739
"1907","S_35","S_87",0.541770369174289
"1908","S_37","S_87",1.99020004547817
"1909","S_39","S_87",0.82580365574555
"1910","S_41","S_87",1.99020004524118
"1911","S_43","S_87",0.887080472832152
"1912","S_45","S_87",0.923849831318125
"1913","S_47","S_87",1.62153828896856
"1914","S_49","S_87",0.982817057087696
"1915","S_51","S_87",0.50565807526575
"1916","S_53","S_87",1.67394165015422
"1917","S_55","S_87",1.63798129459377
"1918","S_57","S_87",1.99020004548238
"1919","S_59","S_87",0.860906909015118
"1920","S_61","S_87",1.99020004546751
"1921","S_63","S_87",1.30888009107358
"1922","S_65","S_87",1.99020004538872
"1923","S_67","S_87",1.53315410642367
"1924","S_69","S_87",0.996794216183831
"1925","S_71","S_87",1.50416316314747
"1926","S_73","S_87",1.99020004558071
"1927","S_75","S_87",1.30256550557008
"1928","S_77","S_87",0.255775353145888
"1929","S_79","S_87",1.99020004538528
"1930","S_81","S_87",1.15628843023095
"1931","S_83","S_87",1.45092956648355
"1932","S_85","S_87",1.7417560443493
"1933","S_87","S_87",0
"1934","S_89","S_87",0.638415907997219
"1935","S_91","S_87",1.57110553901626
"1936","S_1","S_89",1.93216814557767
"1937","S_3","S_89",1.42472526760354
"1938","S_5","S_89",0.777915132334544
"1939","S_7","S_89",1.7227243918424
"1940","S_9","S_89",1.9321681455603
"1941","S_11","S_89",1.93216814542752
"1942","S_13","S_89",1.31040310651316
"1943","S_15","S_89",0.661948428888946
"1944","S_17","S_89",1.72725346257333
"1945","S_19","S_89",0.866492051240107
"1946","S_21","S_89",1.12004825244553
"1947","S_23","S_89",0.571108615021135
"1948","S_27","S_89",0.510195787071975
"1949","S_29","S_89",1.7273670669996
"1950","S_31","S_89",0.918452653707502
"1951","S_33","S_89",0.149147265233275
"1952","S_35","S_89",0.156281013318915
"1953","S_37","S_89",1.9321681454225
"1954","S_39","S_89",0.777100751929963
"1955","S_41","S_89",1.93216814517694
"1956","S_43","S_89",1.4226688593421
"1957","S_45","S_89",1.28123749489464
"1958","S_47","S_89",1.55317795079858
"1959","S_49","S_89",0.976679254585302
"1960","S_51","S_89",0.775257307521279
"1961","S_53","S_89",1.80781649386968
"1962","S_55","S_89",1.21837685141068
"1963","S_57","S_89",1.93216814548335
"1964","S_59","S_89",0.987568904027882
"1965","S_61","S_89",1.93216814540835
"1966","S_63","S_89",1.10750783287517
"1967","S_65","S_89",1.93216814530831
"1968","S_67","S_89",1.40143569542588
"1969","S_69","S_89",0.97368974485955
"1970","S_71","S_89",1.08020761741235
"1971","S_73","S_89",1.93216814548626
"1972","S_75","S_89",1.20810720139985
"1973","S_77","S_89",0.440260464807433
"1974","S_79","S_89",1.93216814534959
"1975","S_81","S_89",0.740902723243613
"1976","S_83","S_89",1.1637228498972
"1977","S_85","S_89",1.42144187098614
"1978","S_87","S_89",0.638415907997219
"1979","S_89","S_89",0
"1980","S_91","S_89",0.933968714500209
"1981","S_1","S_91",2.13836528993708
"1982","S_3","S_91",2.3586097217274
"1983","S_5","S_91",1.61754528732831
"1984","S_7","S_91",2.24469568055842
"1985","S_9","S_91",2.13836528995627
"1986","S_11","S_91",2.13836528984954
"1987","S_13","S_91",1.65981731111117
"1988","S_15","S_91",1.4898900928511
"1989","S_17","S_91",2.14244089072004
"1990","S_19","S_91",0.556423810179471
"1991","S_21","S_91",2.00046038210205
"1992","S_23","S_91",0.884495636303174
"1993","S_27","S_91",1.14712067782045
"1994","S_29","S_91",2.14232216691117
"1995","S_31","S_91",1.47489489356884
"1996","S_33","S_91",1.04442610612857
"1997","S_35","S_91",1.03989781054596
"1998","S_37","S_91",2.13836528982365
"1999","S_39","S_91",1.35803946406588
"2000","S_41","S_91",2.13836528960866
"2001","S_43","S_91",2.3209444627745
"2002","S_45","S_91",2.09550914063136
"2003","S_47","S_91",1.94921149544685
"2004","S_49","S_91",1.59526567943279
"2005","S_51","S_91",1.57922013176651
"2006","S_53","S_91",2.27110168454647
"2007","S_55","S_91",1.1680295205777
"2008","S_57","S_91",2.13836528995134
"2009","S_59","S_91",1.62877749862641
"2010","S_61","S_91",2.13836528980718
"2011","S_63","S_91",1.46735616030286
"2012","S_65","S_91",2.13836528969534
"2013","S_67","S_91",1.7554944908562
"2014","S_69","S_91",1.48508551038813
"2015","S_71","S_91",0.944684938535981
"2016","S_73","S_91",2.13836528982349
"2017","S_75","S_91",1.66262438719854
"2018","S_77","S_91",1.35176012529903
"2019","S_79","S_91",2.13836528979057
"2020","S_81","S_91",0.985106603996863
"2021","S_83","S_91",1.37819997552496
"2022","S_85","S_91",1.48832944694951
"2023","S_87","S_91",1.57110553901626
"2024","S_89","S_91",0.933968714500209
"2025","S_91","S_91",0
